Categorie;Nom;Prix;Stock initial;Seuil d'alerte;Couleur;Taille
Vestige - Complements & bien-etre;Vestige Colostrum;17000;0;2;-;Unique
Vestige - Complements & bien-etre;Vestige Prime Concentrated Mineral Drops (CMD);25000;0;2;-;Unique
Vestige - Complements & bien-etre;Vestige Shatavari Max;18500;0;2;-;Unique
Vestige - Complements & bien-etre;Vestige Cranberry 60 Capsules;25000;0;2;-;Unique
Vestige - Complements & bien-etre;Vestige Fibre 200 g Jar;17000;0;2;-;Unique
Vestige - Complements & bien-etre;Vestige Prime Energy Booster;23000;0;2;-;Unique
Vestige - Complements & bien-etre;Vestige Collagen;15000;0;2;-;Unique
Vestige - Complements & bien-etre;Vestige Veg Collagen with Rosehip Extract & Vitamin C;15000;0;2;-;Unique
Vestige - Complements & bien-etre;Vestige Prime Absorvit Vitamin C Sublingual Spray;18000;0;2;-;Unique
Vestige - Complements & bien-etre;Vestige Prime Multi Vita+Min Gummies 60N;13000;0;2;-;Unique
Vestige - Complements & bien-etre;Vestige Prime Absorvit Melatonin;19000;0;2;-;Unique
Vestige - Complements & bien-etre;Vestige Prime Absorvit Vitamin B12;19000;0;2;-;Unique
Vestige - Complements & bien-etre;Vestige Prime Absorvit Biotin Sublingual Spray 14ml;13000;0;2;-;Unique
Vestige - Complements & bien-etre;Vestige Curcumin Plus;23000;0;2;-;Unique
Vestige - Complements & bien-etre;Vestige Prime Sea Buckthorn;23000;0;2;-;Unique
Vestige - Complements & bien-etre;Vestige Stevia;4000;0;2;-;Unique
Ayusante;Ayusante Toxclean;18000;0;2;-;Unique
Ayusante;Ayusante Kidneyhealth;18000;0;2;-;Unique
Ayusante;Ayusante Vital Complex;18000;0;2;-;Unique
Ayusante;Ayusante Respocare;18000;0;2;-;Unique
Ayusante;Ayusante Procard 60 Capsules;15000;0;2;-;Unique
Ayusante;Ayusante Prostate Care;17500;0;2;-;Unique
Ayusante;Ayusante Gluco Health;15000;0;2;-;Unique
Ayusante;Ayusante Liverhealth;15000;0;2;-;Unique
Autres marques bien-etre;Vescare Insta Relief Cream;5000;0;2;-;Unique
Autres marques bien-etre;Invigo Health Drops Panch Tulsi Ark 30ml;7500;0;2;-;Unique
Ayurvedique - Sante;NONI 500mg;12500;0;2;-;Unique
Ayurvedique - Sante;Spirulina 500 mg;11000;0;2;-;Unique
Ayurvedique - Sante;Amla 500 mg;8000;0;2;-;Unique
Ayurvedique - Sante;Aloe Vera 500 mg;8000;0;2;-;Unique
Ayurvedique - Sante;Neem 0.25 ml;9000;0;2;-;Unique
Ayurvedique - Sante;Ganoderma 425 mg;18500;0;2;-;Unique
Ayurvedique - Sante;Flax Oil 500mg;12500;0;2;-;Unique
Ayurvedique - Sante;Glucosamine 450 mg;14500;0;2;-;Unique
Ayurvedique - Sante;Folic & Iron Plus;7500;0;2;-;Unique
Ayurvedique - Sante;Prime Krill Oil 500 mg 30;22500;0;2;-;Unique
Ayurvedique - Sante;Calcium 625 mg 100;7500;0;2;-;Unique
Ayurvedique - Sante;Coenzyme Q10;17000;0;2;-;Unique
Ayurvedique - Sante;Veslim Shake - Mango Flavour;24000;0;2;-;Unique
Ayurvedique - Sante;Grand Bary;36000;0;2;-;Unique
Ayurvedique - Sante;Fiber;21000;0;2;-;Unique
Ayurvedique - Sante;L-Argine 10g;31000;0;2;-;Unique
Ayurvedique - Sante;Vestige Veslim Tea and Green Coffee;22000;0;2;-;Unique
Ayurvedique - Sante;Vestige Veslim Capsule;23000;0;2;-;Unique
Ayurvedique - Sante;Eye Support;17000;0;2;-;Unique
Ayurvedique - Sante;Detox Foot Patches;22500;0;2;-;Unique
Ayurvedique - Sante;Prime Combiotics;16500;0;2;-;Unique
Agriculture;Engrais Agri 82 500ml;21000;0;2;-;Unique
Agriculture;Engrais Agri Humic 500ml;21000;0;2;-;Unique
Agriculture;Engrais Agri Humic Granules 5kg;31000;0;2;-;Unique
Assure - Soins & beaute;Assure Complexion Bar 75g;2000;0;2;-;Unique
Assure - Soins & beaute;Assure Daily Moisturiser 250ml;8000;0;2;-;Unique
Assure - Soins & beaute;Assure Body Wash;7000;0;2;-;Unique
Assure - Soins & beaute;Assure Hand Wash;4000;0;2;-;Unique
Assure - Soins & beaute;Dentassure Gano Toothpaste 100g;3500;0;2;-;Unique
Assure - Soins & beaute;Assure Purifying Cleanser + Toner 250ml;8000;0;2;-;Unique
Assure - Soins & beaute;Parfum poche (Assure Blossom Perfume);3500;0;2;-;Unique
Assure - Soins & beaute;Assure Perfume Spray Artic;8000;0;2;-;Unique
Assure - Soins & beaute;Assure Rapture Deo Women;8000;0;2;-;Unique
Assure - Soins & beaute;Assure Mild Exfoliating Face Scrub 60g;6500;0;2;-;Unique
Assure - Soins & beaute;Assure Anti-Ageing Night Cream 60g;6500;0;2;-;Unique
Assure - Soins & beaute;Assure Clarifying Face Wash 60g;5000;0;2;-;Unique
Assure - Soins & beaute;DewGarden Sanitary (Serviette Hygienique);3500;0;2;-;Unique
Assure - Soins & beaute;Poudre Femme (Echeant Body Talc);3000;0;2;-;Unique
Assure - Soins & beaute;Foot Cream;5000;0;2;-;Unique
Assure - Soins & beaute;Assure Soap;2000;0;2;-;Unique
Entretien;Ultra Wash Liquid Laundry Detergent 500ml;10000;0;2;-;Unique
Entretien;Ultra Guard Toilet Cleaner 500ml;5000;0;2;-;Unique
Entretien;Ultra Scrub Dishwashing Liquid 500ml;5000;0;2;-;Unique
Dietetique;Zeta Tea;7000;0;2;-;Unique
Dietetique;Zeta Cofee;5000;0;2;-;Unique
